{
  "accuracy": 0.837696335078534,
  "precision": 0.4117647058823529,
  "recall": 0.11864406779661017,
  "f1_macro": 0.547047123623011,
  "roc_auc": 0.6902319357716324
}