algorithm,silhouette,davies_bouldin,calinski_harabasz,inertia,n_clusters,n_noise
kmeans_4,0.6411461437620777,0.6550039418347092,3759.8998025751694,1372572693.911882,4,0
dbscan_eps0.5,,,,,1,3818
gmm_4,-0.11785284780745311,3.828934559431814,586.6311400443788,,4,0
