component,explained_variance_ratio
PC1,0.9230590776445113
PC2,0.04733202836563463
