{
  "MAE": 13.178404038913769,
  "RMSE": 29.748183154958575,
  "R2": 0.8909658508578912
}